https://tuinzaden.eu/en/euphorbia-seeds/923323-snow-on-the-mountain-euphorbia-seeds.html	Snow-on-the-mountain Euphorbia seeds	€1.64	Buzzy Seeds	Buzzy Seeds	Annual	February - June	May - July	80cm	Light green	15 seeds
https://tuinzaden.eu/en/ornamental-grass-seeds/923031-ponytails-mexican-feathergrass-seeds.html	Ponytails - Mexican feathergrass seeds	€2.99	Buzzy Thema Series	Buzzy - Ornamental Grasses	Perennial	March - June	July - October	40-60cm	White	0,10 grams
https://tuinzaden.eu/en/ornamental-cabbage-seeds/922146-fringed-ornamental-kale-brassica-oleracea-seeds.html	Fringed Ornamental Kale Brassica oleracea seeds	€1.89	Horti Tops	Horti Tops	Annual	April - July	August - October	30cm	None	0,25 grams
https://tuinzaden.eu/en/lisianthus-eustoma-seeds/921029-mini-roze-lisianthus-eustoma-seeds.html	Mini Roze Lisianthus Eustoma seeds	€4.19	Buzzy Seeds	Buzzy Seeds	Annual	March - June	May - August	60cm	Pink	25 seeds
https://tuinzaden.eu/en/coleus-solenostemon-seeds/920391-wizard-mix-coleus-seeds.html	Wizard Mix - Coleus seeds	€4.19	Van Hemert & Co zaden	van Hemert & Co	Annual	February - May	July - September	35cm	Green, Mixed	None
https://tuinzaden.eu/en/tabacco-nicotiana-seeds/920359-lime-green-flowering-tabacco-nicotiana-seeds.html	Lime Green Flowering Tabacco - Nicotiana seeds	€2.49	Van Hemert & Co zaden	van Hemert & Co	Annual	March - May	June - October	50cm	Green	None
https://tuinzaden.eu/en/datura-seeds/920255-angels-trumpet-seeds.html	Angels Trumpet seeds	€2.29	Buzzy Seeds	Buzzy Seeds	Perennial	February - April	July - September	40cm	White	0,50 grams
https://tuinzaden.eu/en/fijnstraal-erigeron-seeds/920028-profusion-fleabane-erigeron-seeds.html	Profusion Fleabane Erigeron seeds	€2.65	Van Hemert & Co zaden	van Hemert & Co	Annual	March - May	June - October	25cm	Pink	None
https://tuinzaden.eu/en/dahlia-seeds/920026-dandy-dahlia-seeds.html	Dandy Dahlia seeds	€2.49	Van Hemert & Co zaden	van Hemert & Co	Annual	March - June	July - September	50cm	Mixed	None
https://tuinzaden.eu/en/clarkia-seeds/919693-excellent-mix-clarkia-seeds.html	Excellent Mix - Clarkia seeds	€1.79	Van Hemert & Co zaden	van Hemert & Co	Annual	April - June	July - September	50cm	Mixed	None
https://tuinzaden.eu/en/coneflower-echinacea-rudbeckia-seeds/919691-alba-coneflower-echinacea-seeds.html	Alba Coneflower Echinacea seeds	€2.49	Van Hemert & Co zaden	van Hemert & Co	Perennial	March - June	July - September	80cm	White	None
https://tuinzaden.eu/en/bee-food-phacelia-seeds/919685-phacelia-tanacetifolia-bee-food-seeds.html	Phacelia tanacetifolia - Bee Food seeds	€1.79	Van Hemert & Co zaden	van Hemert & Co	Annual	March - July	June - September	40cm	Blue	None
https://tuinzaden.eu/en/four-o-clock-mirabilis-seeds/919682-four-o-clock-flower-mirabilis-seeds.html	Four o'clock flower Mirabilis seeds	€2.65	Van Hemert & Co zaden	van Hemert & Co	Annual	March - May	July - October	80cm	None	None
https://tuinzaden.eu/en/wax-flower-cerinthe-seeds/919664-kiwi-blue-honeywort-cerinthe-seeds.html	Kiwi Blue Honeywort - Cerinthe seeds	€3.19	Van Hemert & Co zaden	van Hemert & Co	Annual	April - June	July - September	70cm	Purple	None
https://tuinzaden.eu/en/honesty-lunaria-seeds/919663-honesty-lunaria-seeds.html	Honesty - Lunaria seeds	€2.29	Van Hemert & Co zaden	van Hemert & Co	Biennial	May - July	May - July	80cm	Purple	None
https://tuinzaden.eu/en/stock-malcolmia-matthiola-seeds/919657-virginia-stock-malcolmia-seeds.html	Virginia Stock - Malcolmia seeds	€1.99	Van Hemert & Co zaden	van Hemert & Co	Annual	March - June	July - October	25cm	Pink	None
https://tuinzaden.eu/en/white-dill-ammi-seeds/919656-queen-of-africa-bullwort-ammi-majus-seeds.html	Queen of Africa Bullwort Ammi majus seeds	€2.49	Van Hemert & Co zaden	van Hemert & Co	Annual	April - June	July - September	100cm	White	None
https://tuinzaden.eu/en/gilia-seeds/919654-capitata-queen-anne-s-thimbles-gilia-seeds.html	Capitata Queen Anne's Thimbles Gilia seeds	€1.79	Van Hemert & Co zaden	van Hemert & Co	Annual	March - September	July - September	50cm	Blue	None
https://tuinzaden.eu/en/corn-cockle-seeds/919652-milas-agrostemma-corn-cockle-seeds.html	Milas Agrostemma Corn Cockle seeds	€1.79	Van Hemert & Co zaden	van Hemert & Co	Annual	April - September	June - September	75cm	Pink	None
https://tuinzaden.eu/en/vlambloem-phlox-seeds/919648-cherry-caramel-phlox-seeds.html	Cherry Caramel Phlox seeds	€2.65	Van Hemert & Co zaden	van Hemert & Co	Annual	March - April	July - September	45cm	Apricot, Caramel	None
https://tuinzaden.eu/en/scabious-seeds/919647-blue-perfection-scabiosa-seeds.html	Blue Perfection - Scabiosa seeds	€2.65	Van Hemert & Co zaden	van Hemert & Co	Perennial	March - August	June - September	65cm	Blue	None
https://tuinzaden.eu/en/agastache-seeds/919646-arcado-pink-agastache-seeds.html	Arcado Pink Agastache seeds	€2.65	Van Hemert & Co zaden	van Hemert & Co	Annual	March - June	July - October	45cm	Pink	None
https://tuinzaden.eu/en/mallow-malva-sylvestris-seeds/919614-malva-mallow-seeds.html	Malva Mallow seeds	€2.29	Horti Tops	Horti Tops	Perennial	April - July	June - September	80cm	Purple	1,0 grams
https://tuinzaden.eu/en/rock-rose-seeds/919381-rock-rose-helianthemum-seeds.html	Rock rose Helianthemum seeds	€1.89	Horti Tops	Horti Tops	Perennial	May - July	May - August	15cm	Mixed	0,25 grams
https://tuinzaden.eu/en/celosia-seeds/919377-pampas-plume-woolflower-celosia-seeds.html	Pampas Plume Woolflower Celosia seeds	€1.49	Horti Tops	Horti Tops	Annual	January - May	May - August	70cm	Mixed	0,50 grams
https://tuinzaden.eu/en/rhodochiton-seeds/919362-purple-bell-vine-rhodochiton-seeds.html	Purple Bell Vine Rhodochiton seeds	€4.39	Buzzy Thema Series	Buzzy - Climbing Flowers	Annual	January - March	June - September	250cm	Purple	10 seeds
https://tuinzaden.eu/en/wisteria-seeds/919354-soft-blue-wisteria-seeds.html	Soft Blue Wisteria seeds	€4.39	Buzzy Thema Series	Buzzy - Climbing Flowers	Perennial	February - November	April - June	400cm	Blue	± 5 zaden
https://tuinzaden.eu/en/mimosa-seeds/555500-sensitive-plant-mimosa-seeds.html	Sensitive Plant - Mimosa seeds	€1.89	Horti Tops	Horti Tops	Perennial	January - December	January - December	40cm	None	0,75 grams
https://tuinzaden.eu/en/pelargonium-geranium-seeds/545550-magic-beauty-f1-pelargonium-geranium-seeds.html	Magic Beauty F1 Pelargonium Geranium seeds	€4.99	Horti Tops	Horti Tops	Annual	January - April	June - October	35cm	Mixed	10 seeds
https://tuinzaden.eu/en/black-eyed-susan-thunbergia-seeds/505580-yellow-black-eyed-susan-seeds.html	Yellow Black-Eyed-Susan seeds	€2.29	Buzzy Seeds	Buzzy Seeds	Perennial	January - December	June - October	50cm	Yellow	0,50 grams
https://tuinzaden.eu/en/passion-flower-passiflora-seeds/505555-passion-flower-seeds.html	Passion Flower seeds	€2.29	Buzzy Seeds	Buzzy Seeds	Perennial	January - December	April - October	300cm	Blue	0,30 grams
https://tuinzaden.eu/en/cactus-seeds/505510-cacti-mix-cactus-seeds.html	Cacti mix - Cactus seeds	€2.29	Buzzy Seeds	Buzzy Seeds	Perennial	January - December	January - December	15-45cm	Mixed	0,20 grams
https://tuinzaden.eu/en/rock-saopwort-saponaria-seeds/505458-pink-saponaria-soapwort-seeds.html	Pink Saponaria Soapwort seeds	€1.99	Buzzy Seeds	Buzzy Seeds	Perennial	May - July	May - July	30cm	Pink	0,50 grams
https://tuinzaden.eu/en/pasque-flower-pulsatilla-seeds/505450-pasque-flower-pulsatilla-seeds.html	Pasque Flower Pulsatilla seeds	€2.29	Buzzy Seeds	Buzzy Seeds	Perennial	May - July	March - May	20cm	Purple	0,10 grams
https://tuinzaden.eu/en/chinese-lantern-physalis-seeds/505435-chinese-lantern-physalis-seeds.html	Chinese Lantern - Physalis seeds	€1.99	Buzzy Seeds	Buzzy Seeds	Perennial	May - July	June - September	80cm	Orange	0,25 grams
https://tuinzaden.eu/en/maltese-cross-lychnis-seeds/505425-maltese-cross-burning-love-seeds.html	Maltese Cross - Burning Love seeds	€1.69	Buzzy Seeds	Buzzy Seeds	Perennial	May - July	June - July	90cm	Red	0,25 grams
https://tuinzaden.eu/en/blanket-flower-gaillardia-seeds/505355-yellow-red-gaillardia-seeds.html	Yellow Red - Gaillardia seeds	€1.99	Buzzy Seeds	Buzzy Seeds	Perennial	May - July	June - September	60cm	Red	0,75 grams
https://tuinzaden.eu/en/globe-thistle-echinops-seeds/505345-blue-globe-thistle-echinops-seeds.html	Blue Globe Thistle - Echinops seeds	€2.29	Buzzy Seeds	Buzzy Seeds	Perennial	May - June	July - September	100cm	Blue	0,50 grams
https://tuinzaden.eu/en/pinks-dianthus-seeds/505335-brilliant-dianthus-maiden-pink-seeds.html	Brilliant Dianthus - Maiden Pink seeds	€1.99	Buzzy Seeds	Buzzy Seeds	Perennial	May - July	June - September	20cm	Pink	0,25 grams
https://tuinzaden.eu/en/daisy-chrysanthemum-leucanthemum-seeds/505310-silver-princess-shasta-daisy-leucanthemum-seeds.html	Silver Princess Shasta Daisy Leucanthemum seeds	€2.29	Buzzy Seeds	Buzzy Seeds	Perennial	May - July	May - October	40cm	White	0,50 grams
https://tuinzaden.eu/en/aubrietia-seeds/505292-grandiflora-aubrieta-seeds.html	Grandiflora Aubrieta seeds	€1.99	Buzzy Seeds	Buzzy Seeds	Perennial	May - July	April - June	15cm	Purple	0,15 grams
https://tuinzaden.eu/en/columbine-aquilegia-seeds/505270-mrs-scott-elliot-columbines-seeds.html	Mrs Scott Elliot - Columbines seeds	€2.29	Buzzy Seeds	Buzzy Seeds	Perennial	May - July	May - June	80cm	Mixed	0,50 grams
https://tuinzaden.eu/en/pancy-viola-seeds/505135-trimardeau-mixed-pansy-seeds.html	Trimardeau Mixed Pansy seeds	€2.29	Buzzy Seeds	Buzzy Seeds	Biennial	February - August	January - December	25cm	Mixed	0,40 grams
https://tuinzaden.eu/en/forget-me-not-myosotis-seeds/505110-blue-ball-forget-me-not-seeds.html	Blue Ball - Forget-me-not seeds	€1.99	Buzzy Seeds	Buzzy Seeds	Biennial	July - August	May - August	40cm	Blue	0,50 grams
https://tuinzaden.eu/en/foxglove-digitalis-seeds/505090-mixed-colors-foxglove-seeds.html	Mixed colors Foxglove seeds	€1.69	Buzzy Seeds	Buzzy Seeds	Biennial	July - August	May - September	140cm	Pink	0,50 grams
https://tuinzaden.eu/en/wallflower-erysimum-seeds/505050-fair-lady-mix-wall-flower-seeds.html	Fair Lady Mix - Wall flower seeds	€1.69	Buzzy Seeds	Buzzy Seeds	Biennial	May - July	April - July	45cm	Mixed	0,75 grams
https://tuinzaden.eu/en/canterburry-bells-seeds/505036-double-flowered-canterbury-bell-seeds.html	Double flowered Canterbury Bell seeds	€1.99	Buzzy Seeds	Buzzy Seeds	Biennial	May - July	March - July	65cm	Purple	0,50 grams
https://tuinzaden.eu/en/wild-flowers-seeds/504910-mixture-wild-flowers-seeds.html	Mixture Wild flowers seeds	€3.59	Buzzy Seeds	Buzzy Seeds	Annual	March - June	May - September	20-80cm	Mixed	5,0 grams
https://tuinzaden.eu/en/butterflies-flowers-seeds/504908-butterfly-flowers-seed-mixture.html	Butterfly Flowers Seed Mixture	€2.29	Buzzy Seeds	Buzzy Seeds	Annual	April - May	June - September	20-80cm	Mixed	2,0 grams
https://tuinzaden.eu/en/rockgarden-seeds/504895-annual-rock-garden-flowers-seeds.html	Annual rock garden flowers seeds	€1.99	Buzzy Seeds	Buzzy Seeds	Annual	March - May	May - October		Mixed	1,0 grams
https://tuinzaden.eu/en/climbers-seeds/504890-mixed-climbing-flower-seeds.html	Mixed Climbing flower seeds	€1.99	Buzzy Seeds	Buzzy Seeds	Annual	April - May	June - August	50-300cm	Mixed	4,0 grams
https://tuinzaden.eu/en/japanese-flowercarpet-seeds/504885-japanese-flower-carpet-seeds.html	Japanese flower carpet seeds	€1.69	Buzzy Seeds	Buzzy Seeds	Annual	April - May	June - August	15-45cm	Mixed	1,5 grams
https://tuinzaden.eu/en/cutflowers-seeds/504880-cutflower-seeds-mixture.html	Cutflower seeds mixture	€1.69	Buzzy Seeds	Buzzy Seeds	Annual	April - May	June - August	60-80cm	Mixed	1,5 grams
https://tuinzaden.eu/en/summerflowers-seeds/504878-mixed-summer-flowers-seeds.html	Mixed Summer flowers seeds	€1.69	Buzzy Seeds	Buzzy Seeds	Annual	April - May	June - August	20-80cm	Mixed	1,5 grams
https://tuinzaden.eu/en/zinnia-seeds/504860-dahlia-flowered-zinnia-seeds.html	Dahlia Flowered Zinnia seeds	€1.69	Buzzy Seeds	Buzzy Seeds	Annual	April - June	July - November	75cm	Mixed	1,5 grams
https://tuinzaden.eu/en/ornamental-corn-seeds/504855-little-jewels-ornamental-corn-seeds.html	Little Jewels Ornamental Corn seeds	€1.99	Buzzy Seeds	Buzzy Seeds	Annual	April - May	July - September	150cm	None	7,0 grams
https://tuinzaden.eu/en/vervain-verbena-seeds/504838-dwarf-vervain-verbena-seeds.html	Dwarf Vervain - Verbena seeds	€2.29	Buzzy Seeds	Buzzy Seeds	Annual	February - May	June - October	25cm	Mixed	0,40 grams
https://tuinzaden.eu/en/nasturtium-tropaeolum-seeds/504800-climbing-nasturtium-seeds.html	Climbing Nasturtium seeds	€1.69	Buzzy Seeds	Buzzy Seeds	Annual	March - May	June - October	300cm	Mixed	3,0 grams
https://tuinzaden.eu/en/marigold-tagetes-seeds/504738-hawaii-african-marigold-tagetes-seeds.html	Hawaii African Marigold Tagetes seeds	€1.69	Buzzy Seeds	Buzzy Seeds	Annual	March - May	June - October	70cm	Orange	1,0 grams
https://tuinzaden.eu/en/sea-lavender-limonium-seeds/504725-pacific-statice-sea-lavender-seeds.html	Pacific Statice - Sea lavender seeds	€1.99	Buzzy Seeds	Buzzy Seeds	Annual	March - May	July - September	80cm	Mixed	0,25 grams
https://tuinzaden.eu/en/poor-man-s-orchids-schizanthus-seeds/504710-angel-wings-poor-man-s-orchid-seeds.html	Angel Wings - Poor Man's Orchid seeds	€1.99	Buzzy Seeds	Buzzy Seeds	Annual	March - May	June - September	40cm	Pink	0,50 grams
https://tuinzaden.eu/en/castor-oil-plant-ricinus-communis-seeds/504670-zanzibarensis-castor-oil-plant-ricinus-seeds.html	Zanzibarensis Castor Oil Plant Ricinus seeds	€2.29	Buzzy Seeds	Buzzy Seeds	Annual	February - May	July - November	250cm	Green	5,0 grams
https://tuinzaden.eu/en/portulaca-seeds/504652-double-flower-garden-portulaca-seeds.html	Double flower Garden Portulaca seeds	€1.99	Buzzy Seeds	Buzzy Seeds	Annual	March - May	July - September	15cm	Mixed	0,30 grams
https://tuinzaden.eu/en/petunia-seeds/504570-mixed-dwarf-petunia-seeds.html	Mixed dwarf Petunia seeds	€1.69	Buzzy Seeds	Buzzy Seeds	Annual	February - May	June - October	45cm	Mixed	0,20 grams
https://tuinzaden.eu/en/poppy-papaver-seeds/504548-shirley-papaver-rhoeas-seeds.html	Shirley Papaver rhoeas seeds	€1.69	Buzzy Seeds	Buzzy Seeds	Annual	March - May	June - September	75cm	Mixed	0,50 grams
https://tuinzaden.eu/en/love-in-a-mist-nigella-seeds/504535-persian-jewels-love-in-the-mist-seeds.html	Persian Jewels - Love in the Mist seeds	€1.69	Buzzy Seeds	Buzzy Seeds	Annual	March - May	July - September	45cm	Mixed	1,5 grams
https://tuinzaden.eu/en/baby-blue-eyes-nemophila-insignis-seeds/504520-blue-heaven-baby-blue-eyes-nemophila-seeds.html	Blue Heaven Baby-Blue-Eyes Nemophila seeds	€1.69	Buzzy Seeds	Buzzy Seeds	Annual	March - May	June - October	20cm	Blue	1,0 grams
https://tuinzaden.eu/en/bells-of-ireland-molucella-laevis-seeds/504505-bells-of-ireland-molucella-seeds.html	Bells of Ireland Molucella seeds	€1.99	Buzzy Seeds	Buzzy Seeds	Annual	March - May	July - October	75cm	Green	0,75 grams
https://tuinzaden.eu/en/livingstone-daisy-dorotheanthus-seeds/504490-mixture-livingstone-daisy-dorotheanthus-seeds.html	Mixture Livingstone Daisy - Dorotheanthus seeds	€1.69	Buzzy Seeds	Buzzy Seeds	Annual	March - May	July - September	15cm	Mixed	0,50 grams
https://tuinzaden.eu/en/lupine-lupinus-seeds/504470-pixie-delight-lupine-seeds.html	Pixie Delight - Lupine seeds	€1.99	Buzzy Seeds	Buzzy Seeds	Annual	March - May	June - October	40cm	Mixed	2,0 grams
https://tuinzaden.eu/en/lobelia-seeds/504450-string-op-pearles-lobelia-seeds.html	String op Pearles Lobelia seeds	€2.29	Buzzy Seeds	Buzzy Seeds	Annual	February - May	June - October	15cm	Mixed	0,20 grams
https://tuinzaden.eu/en/flax-linum-seeds/504445-red-scarlett-flax-linum-seeds.html	Red Scarlett Flax - Linum seeds	€1.69	Buzzy Seeds	Buzzy Seeds	Annual	March - May	June - September	40cm	Red	1,5 grams
https://tuinzaden.eu/en/mallow-lavatera-seeds/504430-pink-red-royal-mallow-seeds.html	Pink-Red Royal Mallow seeds	€1.69	Buzzy Seeds	Buzzy Seeds	Annual	March - May	June - October	120cm	Pink	1,5 grams
https://tuinzaden.eu/en/sweet-peas-lathyrus-seeds/504410-bijou-dwarf-sweet-peas-lathyrus-seeds.html	Bijou Dwarf Sweet peas Lathyrus seeds	€2.29	Buzzy Seeds	Buzzy Seeds	Annual	March - May	May - October	50cm	Mixed	5,0 grams
https://tuinzaden.eu/en/morning-glory-ipomoea-convolvulus-seeds/504390-mixed-morning-glory-ipomoea-seeds.html	Mixed Morning Glory Ipomoea seeds	€1.69	Buzzy Seeds	Buzzy Seeds	Annual	March - May	July - October	300cm	Pink	2,0 grams
https://tuinzaden.eu/en/busy-lizzie-impatiens-seeds/504380-baby-sultanii-busy-lizzie-impatiens-seeds.html	Baby sultanii Busy Lizzie Impatiens seeds	€2.29	Buzzy Seeds	Buzzy Seeds	Annual	February - May	May - October	30cm	Mixed	0,10 grams
https://tuinzaden.eu/en/sunflower-helianthus-seeds/504340-evening-sun-sunflower-helianthus-seeds.html	Evening Sun Sunflower Helianthus seeds	€1.99	Buzzy Seeds	Buzzy Seeds	Annual	March - June	July - October	180cm	Brown, Red	2,0 grams
https://tuinzaden.eu/en/baby-s-breath-gypsophila-seeds/504330-covent-garden-baby-s-breath-gypsophila-seeds.html	Covent Garden Baby's breath Gypsophila seeds	€1.69	Buzzy Seeds	Buzzy Seeds	Annual	March - May	June - October	50cm	White	1,5 grams
https://tuinzaden.eu/en/treasure-flower-gazania-seeds/504310-sunshine-gazania-seeds.html	Sunshine Gazania seeds	€2.99	Buzzy Seeds	Buzzy Seeds	Annual	February - May	July - October	30cm	Mixed	0,25 grams
https://tuinzaden.eu/en/sweet-william-dianthus-seeds/504260-wee-willie-sweet-william-seeds.html	Wee Willie - Sweet William seeds	€1.99	Buzzy Seeds	Buzzy Seeds	Annual	March - May	May - July	20cm	Mixed	0,50 grams
https://tuinzaden.eu/en/larkspur-delphinium-consolida-seeds/504250-dwarf-hyacinth-consolida-ajacis-larkspur-seeds.html	Dwarf Hyacinth Consolida ajacis - Larkspur seeds	€1.99	Buzzy Seeds	Buzzy Seeds	Annual	March - May	June - October	40cm	Mixed	1,0 grams
https://tuinzaden.eu/en/cosmea-cosmos-seeds/504224-sonate-cosmos-seeds.html	Sonate Cosmos seeds	€4.19	Buzzy Seeds	Buzzy Seeds	Annual	March - May	June - October	50cm	Pink	0,60 grams
https://tuinzaden.eu/en/cup-and-saucer-vine-cobaea-seeds/504215-cup-and-saucer-vine-cobaea-scandens-seeds.html	Cup and Saucer Vine - Cobaea scandens seeds	€3.59	Buzzy Seeds	Buzzy Seeds	Annual	February - May	July - October	350cm	Blue	1,0 grams
https://tuinzaden.eu/en/spider-flower-cleome-seeds/504210-pink-queen-cleome-spider-flower-seeds.html	Pink Queen Cleome - Spider Flower seeds	€1.69	Buzzy Seeds	Buzzy Seeds	Annual	March - May	July - October	100cm	Pink	0,75 grams
https://tuinzaden.eu/en/chrysantemum-seeds/504185-painted-daisy-chrysanthemum-seeds.html	Painted Daisy Chrysanthemum seeds	€1.69	Buzzy Seeds	Buzzy Seeds	Annual	March - May	June - October	60cm	Mixed	1,0 grams
https://tuinzaden.eu/en/cornflower-centaurea-seeds/504165-mixed-centaurea-cornflower-seeds.html	Mixed Centaurea Cornflower seeds	€1.69	Buzzy Seeds	Buzzy Seeds	Annual	March - May	June - August	90cm	Mixed	1,5 grams
https://tuinzaden.eu/en/marigold-calendula-seeds/504080-balls-orange-marigold-calendula-seeds.html	Balls Orange Marigold Calendula seeds	€1.69	Buzzy Seeds	Buzzy Seeds	Annual	March - May	June - October	60cm	Orange	1,5 grams
https://tuinzaden.eu/en/snapdragon-antirrhinum-seeds/504044-semi-tall-mixed-antirrhinum-snapdragon-seeds.html	Semi-tall mixed Antirrhinum Snapdragon seeds	€1.69	Buzzy Seeds	Buzzy Seeds	Annual	March - May	June - October	50cm	Mixed	0,50 grams
https://tuinzaden.eu/en/love-lies-bleeding-amaranthus-seeds/504035-love-lies-bleeding-amaranthus-seeds.html	Love Lies Bleeding Amaranthus seeds	€1.69	Buzzy Seeds	Buzzy Seeds	Annual	March - May	July - September	100cm	Red	1,0 grams
https://tuinzaden.eu/en/alyssum-lobularia-seeds/504025-snowcloth-sweet-alyssum-seeds.html	Snowcloth Sweet Alyssum seeds	€1.69	Buzzy Seeds	None	None	None	None	None	None	None
https://tuinzaden.eu/en/hollyhock-alcea-rosea-seeds/504023-summer-carnival-double-hollyhock-seeds.html	Summer Carnival - Double Hollyhock seeds	€1.99	Buzzy Seeds	Buzzy Seeds	Annual	March - May	July - September	140cm	Mixed	0,50 grams
https://tuinzaden.eu/en/floss-flower-ageratum-seeds/504010-blue-mink-ageratum-seeds.html	Blue Mink - Ageratum seeds	€1.99	Buzzy Seeds	Buzzy Seeds	Annual	March - May	May - October	30cm	Blue	0,30 grams
https://tuinzaden.eu/en/35-50-discount-sale-other/924644-violet-scandens-asarina-creeping-gloxinia-seeds-2026.html	Violet Scandens Asarina - Creeping Gloxinia seeds - 2026	€2.33	Buzzy Thema Series	Buzzy - Climbing Flowers	Annual	March - May	June - November	300cm	Purple	± 10 seeds
https://tuinzaden.eu/en/35-50-discount-sale-other/924557-red-phaesants-eye-adonis-seeds-2026.html	Red Phaesants Eye - Adonis seeds - 2026	€1.10	Buzzy Seeds	Buzzy Seeds	Annual	March - May	May - August	30cm	Red	2,0 grams
https://tuinzaden.eu/en/begonia-seeds/924458-mixed-garden-begonia-seeds.html	Mixed Garden begonia seeds	€3.99	Horti Tops	Horti Tops	Annual	December - March	June - September	35cm	Mixed	0,05 gram
https://tuinzaden.eu/en/globe-thistle-echinops-seeds/924444-globe-thistle-echinops-ritro-seeds.html	Globe Thistle Echinops ritro seeds	€2.49	Van Hemert & Co zaden	van Hemert & Co	Perennial	March - July	July - September	80cm	Blue	None
https://tuinzaden.eu/en/strelitzia-seeds/923912-strelitzia-bird-of-paradise-flower-seeds.html	Strelitzia Bird of Paradise Flower seeds	€4.29	Sperli	Sperli	Perennial	January - December	May - August	150cm	Orange	± 5 zaden
https://tuinzaden.eu/en/aster-callistephus-seeds/923720-bambina-rose-summer-aster-callisthephus-seeds.html	Bambina Rose Summer Aster - Callisthephus seeds	€3.99	Horti Tops	Horti Tops	Annual	March - May	July - October	30cm	Pink	± 20 seeds
https://tuinzaden.eu/en/great-mullein-verbascum-seeds/923711-native-flowers-great-mullein-seeds.html	Native flowers Great Mullein seeds	€1.99	Buzzy Thema Series	Buzzy - Native Flowers	Biennial	April - October	June - September	100-200cm	White	0,10 grams
https://tuinzaden.eu/en/dyer-s-rocket-reseda-seeds/923709-native-flowers-reseda-seeds.html	Native flowers Reseda seeds	€2.29	Buzzy Thema Series	Buzzy - Native Flowers	Biennial	April - June	June - August	30cm	White	0,10 grams
https://tuinzaden.eu/en/viper-s-bugloss-echium-seeds/923705-native-flowers-vipers-bugloss-seeds.html	Native flowers Viper’s Bugloss seeds	€2.99	Buzzy Thema Series	Buzzy - Native Flowers	Biennial	April - October	June - October	60-100cm	Blue	0,25 grams
https://tuinzaden.eu/en/wild-carrot-daucus-seeds/923704-native-flowers-wild-carrot-flowers-seeds.html	Native flowers Wild Carrot flowers seeds	€2.29	Buzzy Thema Series	Buzzy - Native Flowers	Biennial	April - October	June - October	60-100cm	White	0,10 grams
https://tuinzaden.eu/en/yellow-chamomile-anthemis-seeds/923703-native-flowers-yellow-chamomile-seeds.html	Native flowers Yellow Chamomile seeds	€1.99	Buzzy Thema Series	Buzzy - Native Flowers	Biennial	March - October	June - September	30-60cm	Yellow	0,10 grams
https://tuinzaden.eu/en/monkshood-aconitum-seeds/923698-monkshood-aconitum-seeds.html	Monkshood Aconitum seeds	€2.79	Horti Tops	Horti Tops	Perennial	October - October	July - September	120cm	Blue	0,25 grams
https://tuinzaden.eu/en/rock-cress-candytuft-arabis-iberis-seeds/923697-snowball-rock-cress-arabis-seeds.html	Snowball Rock Cress Arabis seeds	€1.89	Horti Tops	Horti Tops	Perennial	May - July	April - May	20cm	White	0,25 grams
https://tuinzaden.eu/en/yarrow-achillea-seeds/923696-cloth-of-gold-achillea-seeds.html	Cloth of Gold Achillea seeds	€2.29	Horti Tops	Horti Tops	Perennial	May - July	June - July	90cm	Yellow	0,25 grams
https://tuinzaden.eu/en/flower-seeds-seeds/923676-fairy-bouquet-toad-flax-linaria-seeds.html	Fairy Bouquet Toad Flax Linaria seeds	€1.89	Horti Tops	Horti Tops	Annual	April - May	June - September	30cm	Mixed	0,50 grams
https://tuinzaden.eu/en/globe-amaranth-gomphrena-seeds/923675-globe-amaranth-gomphrena-seeds.html	Globe Amaranth Gomphrena seeds	€1.89	Horti Tops	Horti Tops	Annual	March - May	July - August	35cm	Mixed	0,25 grams
https://tuinzaden.eu/en/sweet-rocket-hesperis-seeds/923673-sweet-rocket-violet-hesperis-seeds.html	Sweet Rocket Violet Hesperis seeds	€1.49	Horti Tops	Horti Tops	Biennial	May - July	May - September	80cm	Purple	1,0 grams
https://tuinzaden.eu/en/lisianthus-eustoma-seeds/923324-sky-blue-lisianthus-eustoma-seeds.html	Sky Blue Lisianthus Eustoma seeds	€5.19	Buzzy Seeds	Buzzy Seeds	Annual	March - June	May - August	60cm	Lilac	20 seeds
https://tuinzaden.eu/en/sea-lavender-limonium-seeds/923291-fortune-dark-blue-sea-lavender-limonium-seeds.html	Fortune Dark Blue Sea lavender Limonium seeds	€2.29	Buzzy Seeds	Buzzy Seeds	Annual	March - May	July - September	80cm	Blue	0,20 grams
https://tuinzaden.eu/en/greenthread-cosmidium-seeds/923282-brunette-greenthread-cosmidium-seeds.html	Brunette Greenthread Cosmidium seeds	€1.99	Buzzy Seeds	Buzzy Seeds	Annual	March - May	June - October	60cm	Brown, Yellow	0,50 grams
https://tuinzaden.eu/en/monarda-seeds/923281-lemon-mint-monarda-seeds.html	Lemon mint Monarda seeds	€1.99	Buzzy Seeds	Buzzy Seeds	Annual	April - June	June - September	50-75cm	Lilac	0,15 grams
https://tuinzaden.eu/en/cow-basil-vaccaria-seeds/923072-pink-beauty-cowcockle-organic-seeds.html	Pink Beauty Cowcockle Organic seeds	€2.29	Buzzy Organic Seeds	Buzzy - Organic	Annual	March - May	May - September	60cm	Pink	0,50 grams
https://tuinzaden.eu/en/corn-cockle-seeds/923070-corncockle-milas-agrostemma-organic-seeds.html	Corncockle Milas Agrostemma Organic seeds	€2.29	Buzzy Organic Seeds	Buzzy - Organic	Annual	March - May	June - July	80cm	Pink	1,0 grams
https://tuinzaden.eu/en/ornamental-grass-seeds/923032-bronco-carex-seeds.html	Bronco Carex seeds	€6.39	Buzzy Thema Series	Buzzy - Ornamental Grasses	Perennial	March - June	July - October	40-50cm	Brown	10 seeds
https://tuinzaden.eu/en/wild-teasel-dipsacus-seeds/923006-wild-teasel-organic-seeds.html	Wild Teasel organic seeds	€2.99	De Bolster	De Bolster	Perennial	May - July	June - September	140-160cm	Lilac	1,0 grams
https://tuinzaden.eu/en/white-dill-ammi-seeds/922437-the-giant-toothpick-flowers-seeds-organic.html	The Giant Toothpick Flowers seeds Organic	€2.29	Buzzy Organic Seeds	Buzzy - Organic	None	April - June	August - October	80cm	White	0,10 grams
https://tuinzaden.eu/en/houseplants-seeds/922374-sensitive-plant-mimosa-pudica-seeds.html	Sensitive plant Mimosa pudica seeds	€1.99	Buzzy Thema Series	Buzzy - House Plants	Perennial	January - December	None	40cm	Green	0,20 grams
https://tuinzaden.eu/en/houseplants-seeds/922371-rainbow-mix-coleus-seeds.html	Rainbow mix Coleus seeds	€2.29	Buzzy Thema Series	Buzzy - House Plants	Perennial	January - December	None	35cm	Green, Red	0,25 grams
https://tuinzaden.eu/en/speedwell-veronica-seeds/922279-long-leaved-speedwell-veronica-seeds.html	Long-leaved Speedwell Veronica seeds	€2.49	Van Hemert & Co zaden	van Hemert & Co	Perennial	March - August	June - August	60-80cm	Blue	None
https://tuinzaden.eu/en/malope-trifida-seeds/922260-vulcan-malope-seeds.html	Vulcan Malope seeds	€2.29	Van Hemert & Co zaden	van Hemert & Co	Annual	March - June	July - September	100cm	Pink, Red	None
https://tuinzaden.eu/en/busy-lizzie-impatiens-seeds/922258-baby-busy-lizzie-sultanas-impatiens-seeds.html	Baby Busy Lizzie Sultanas Impatiens seeds	€2.65	Van Hemert & Co zaden	van Hemert & Co	Annual	February - June	July - October	25cm	Mixed, Pink	None
https://tuinzaden.eu/en/red-hot-poker-kniphofia-seeds/922180-royal-castle-kniphofia-seeds.html	Royal Castle - Kniphofia seeds	€2.29	Buzzy Seeds	Buzzy Seeds	Perennial	May - July	June - October	80cm	Orange	0,75 grams
https://tuinzaden.eu/en/other-flowerseeds-seeds/922160-rose-of-heaven-patio-viscaria-seeds.html	Rose of Heaven Patio - Viscaria seeds	€1.89	Horti Tops	Horti Tops	Annual	February - July	July - September	25cm	Pink, Purple	0,05 gram
https://tuinzaden.eu/en/stock-malcolmia-matthiola-seeds/922157-night-scented-stock-malcolmia-seeds.html	Night Scented Stock - Malcolmia seeds	€1.89	Horti Tops	Horti Tops	Annual	March - June	June - September	45cm	Pink	0,15 grams
https://tuinzaden.eu/en/nemesia-seeds/922137-carnaval-nemesia-seeds.html	Carnaval Nemesia seeds	€1.89	Horti Tops	Horti Tops	Annual	March - May	May - October	20cm	Mixed	0,125 gram
https://tuinzaden.eu/en/pinks-dianthus-seeds/922126-carmine-rose-dianthus-maiden-pink-seeds.html	Carmine rose Dianthus - Maiden Pink seeds	€1.89	Horti Tops	Horti Tops	Perennial	May - July	April - August	20cm	Pink	0,25 grams
https://tuinzaden.eu/en/mixtures-of-flowerseeds-seeds/922065-cut-flowers-seeds-mixture-blue-seeds.html	Cut flowers seeds - Mixture blue seeds	€3.19	Van Hemert & Co zaden	van Hemert & Co	Annual	March - June	June - October	70cm	Blue	None
https://tuinzaden.eu/en/love-lies-bleeding-amaranthus-seeds/921059-velvet-curtains-amaranthus-seeds.html	Velvet Curtains Amaranthus seeds	€2.65	Van Hemert & Co zaden	van Hemert & Co	None	March - May	June - October	150cm	Purple	None
https://tuinzaden.eu/en/summerflowers-seeds/921053-meadow-flowermix-15m2.html	Meadow Flowermix 15m2	€6.99	Buzzy Seeds	Buzzy - Friendly Flowers	Annual Perennial	March - June	May - August	40-100cm	Mixed	25 grams
https://tuinzaden.eu/en/ladybug-flower-mixture-other/921049-lady-bugs-flowermix-15m2.html	Lady Bugs Flowermix 15m2	€6.99	Buzzy Seeds	Buzzy - Friendly Flowers	Annual Perennial	March - June	May - August	50 - 90cm	Mixed	25 grams
https://tuinzaden.eu/en/mallow-seeds/921045-musk-pink-musk-mallow-seeds.html	Musk Pink - Musk Mallow seeds	€1.69	Buzzy Seeds	Buzzy Seeds	Perennial	May - August	June - October	60cm	Pink	0,50 grams
https://tuinzaden.eu/en/gaura-seeds/921044-sparkle-white-gaura-seeds.html	Sparkle White - Gaura seeds	€2.99	Buzzy Seeds	Buzzy Seeds	Perennial	January - May	June - October	80cm	White	15 seeds
https://tuinzaden.eu/en/meisjes-ogen-coreopsis-seeds/921042-early-sunrise-coreopsis-seeds.html	Early Sunrise - Coreopsis seeds	€3.59	Buzzy Seeds	Buzzy Seeds	Perennial	April - May	June - August	40cm	Yellow	25 seeds
https://tuinzaden.eu/en/salvia-seeds/921034-new-dimension-blue-meadow-sage-salvia-nemorosa-seeds.html	New Dimension Blue Meadow Sage Salvia nemorosa seeds	€4.19	Buzzy Seeds	Buzzy Seeds	Perennial	March - May	June - August	30cm	Blue	25 seeds
https://tuinzaden.eu/en/treasure-flower-gazania-seeds/921025-tiger-f1-gazania-seeds.html	Tiger F1 Gazania seeds	€3.59	Buzzy Seeds	Buzzy Seeds	Annual	February - May	July - October	25cm	Mixed	15 seeds
https://tuinzaden.eu/en/columbine-aquilegia-seeds/920858-blue-aquilegia-columbine-seeds.html	Blue Aquilegia - Columbine seeds	€3.19	Van Hemert & Co zaden	van Hemert & Co	Perennial	January - December	May - July	60cm	Blue	None
https://tuinzaden.eu/en/vlambloem-phlox-seeds/920646-sugar-stars-phlox-seeds.html	Sugar Stars Phlox seeds	€2.65	Van Hemert & Co zaden	van Hemert & Co	Annual	March - April	July - September	40cm	Blue	None
https://tuinzaden.eu/en/tabacco-nicotiana-seeds/920645-white-flowering-tobacco-nicotiana-seeds.html	White Flowering Tobacco - Nicotiana seeds	€3.19	Van Hemert & Co zaden	van Hemert & Co	Annual	March - June	July - September	160cm	White	None
https://tuinzaden.eu/en/dahlia-seeds/920382-sunny-reggae-dahlia-seeds.html	Sunny Reggae - Dahlia seeds	€4.99	Van Hemert & Co zaden	van Hemert & Co	Annual	March - June	July - October	50cm	Orange	None
https://tuinzaden.eu/en/agastache-seeds/920380-astello-indigo-agastache-seeds.html	Astello Indigo Agastache seeds	€4.59	Van Hemert & Co zaden	van Hemert & Co	Annual	March - June	July - October	45cm	Blue	None
https://tuinzaden.eu/en/climbers-seeds/920253-mixed-climbing-flowers-seeds.html	Mixed Climbing Flowers seeds	€1.89	Horti Tops	Horti Tops	Annual	April - May	June - October	50-300cm	Mixed	4,0 grams
https://tuinzaden.eu/en/monkey-flower-mimulus-seeds/920251-queens-prize-monkey-flower-seeds.html	Queens Prize Monkey-flower seeds	€1.89	Horti Tops	Horti Tops	Annual	February - May	June - October	35cm	Yellow	± 15 seeds
https://tuinzaden.eu/en/coneflower-echinacea-rudbeckia-seeds/920062-coneflower-echinacea-purpurea-seeds.html	Coneflower Echinacea purpurea seeds	€2.29	Van Hemert & Co zaden	van Hemert & Co	Perennial	March - June	July - September	80cm	Pink	None
https://tuinzaden.eu/en/bee-food-phacelia-seeds/920050-blue-wonder-phacelia-seeds.html	Blue Wonder Phacelia seeds	€2.29	Van Hemert & Co zaden	van Hemert & Co	Annual	March - June	June - September	25cm	Blue	None
https://tuinzaden.eu/en/baby-blue-eyes-nemophila-insignis-seeds/920043-baby-blue-eyes-nemophila-seeds.html	Baby Blue Eyes Nemophila seeds	€1.79	Van Hemert & Co zaden	van Hemert & Co	Annual	March - September	May - September	10cm	Blue	None
https://tuinzaden.eu/en/flax-linum-seeds/920041-bright-eyes-linum-flax-seeds.html	Bright Eyes Linum - Flax seeds	€2.65	Van Hemert & Co zaden	van Hemert & Co	Annual	April - June	June - September	40cm	Red	None
https://tuinzaden.eu/en/baby-s-breath-gypsophila-seeds/920032-covent-garden-baby-s-breath-gypsophila-seeds.html	Covent Garden Baby's breath Gypsophila seeds	€1.79	Van Hemert & Co zaden	van Hemert & Co	Annual	March - August	June - October	60cm	White	None
https://tuinzaden.eu/en/livingstone-daisy-dorotheanthus-seeds/920027-sunshine-livingstone-daisy-dorotheanthus-seeds.html	Sunshine Livingstone Daisy - Dorotheanthus seeds	€2.29	Van Hemert & Co zaden	van Hemert & Co	Annual	February - May	July - September	15cm	Mixed	None
https://tuinzaden.eu/en/cactus-seeds/920012-cacti-cactus-seeds.html	Cacti Cactus seeds	€2.49	Van Hemert & Co zaden	van Hemert & Co	Perennial	April - October	March - September	15cm	Mixed	None
https://tuinzaden.eu/en/floss-flower-ageratum-seeds/920000-blue-mink-ageratum-seeds.html	Blue Mink - Ageratum seeds	€1.99	Van Hemert & Co zaden	van Hemert & Co	Annual	February - May	July - October	20cm	Blue	None
https://tuinzaden.eu/en/four-o-clock-mirabilis-seeds/919759-longiflora-four-o-clock-flower-mirabilis-seeds.html	Longiflora Four o'clock flower Mirabilis seeds	€2.65	Van Hemert & Co zaden	van Hemert & Co	Annual	March - May	July - October	80cm	White	None
https://tuinzaden.eu/en/vervain-verbena-seeds/919756-verbena-polaris-rigida-vervains-seeds.html	Verbena Polaris Rigida - Vervains seeds	€3.49	Van Hemert & Co zaden	van Hemert & Co	Annual	February - May	July - October	35cm	Purple	None
https://tuinzaden.eu/en/spider-flower-cleome-seeds/919755-violet-queen-cleome-spider-flower-seeds.html	Violet Queen Cleome - Spider Flower seeds	€2.49	Van Hemert & Co zaden	van Hemert & Co	Annual	March - May	July - September	100cm	Purple	None
https://tuinzaden.eu/en/gilia-seeds/919690-felicitas-birds-eyes-gilia-seeds.html	Felicitas Birds Eyes Gilia seeds	€2.49	Van Hemert & Co zaden	van Hemert & Co	Annual	March - September	July - September	40cm	White	None
https://tuinzaden.eu/en/portulaca-seeds/919684-bella-vista-portulaca-seeds.html	Bella Vista Portulaca seeds	€2.29	Van Hemert & Co zaden	van Hemert & Co	Annual	March - May	June - September	20cm	Mixed	None
https://tuinzaden.eu/en/wallflower-erysimum-seeds/919476-fair-lady-wall-flower-seeds.html	Fair lady - Wall flower seeds	€1.49	Horti Tops	Horti Tops	Biennial	June - July	April - March	45cm	Mixed	0,75 grams
https://tuinzaden.eu/en/cup-and-saucer-vine-cobaea-seeds/919358-alba-cobaea-scandens-seeds.html	Alba - Cobaea scandens seeds	€2.99	Buzzy Thema Series	Buzzy - Climbing Flowers	Annual	February - May	July - September	350cm	White	2,0 grams
https://tuinzaden.eu/en/black-eyed-susan-thunbergia-seeds/919317-mixed-colours-black-eyed-susan-seeds.html	Mixed Colours Black-Eyed-Susan seeds	€1.99	Buzzy Thema Series	Buzzy - Climbing Flowers	Annual	January - December	May - September	50cm	None	0,50 grams
